"Year","Population"
2017,1056780.74626866
2018,1057408.44776119
2019,1058036.14925373
2020,1058663.85074627
2021,1059291.55223881
